<?xml version="1.0" encoding="UTF-8"?>
<configurationDescriptor version="91">
  <logicalFolder name="root" displayName="root" projectFiles="true" kind="ROOT">
    <df root="." name="0">
      <df name="generadores">
        <in>euleriano.cpp</in>
        <in>k-partito.cpp</in>
        <in>no_conexo.cpp</in>
      </df>
      <df name="headers">
        <in>debug.h</in>
        <in>headers.h</in>
        <in>test_time.h</in>
        <in>time.h</in>
      </df>
      <df name="OBJS">
      </df>
      <df name="plots">
      </df>
      <df name="scripts">
      </df>
      <df name="test">
        <df name="tabu">
        </df>
        <df name="tests_tp3.serieA.n4_125">
        </df>
        <df name="tests_tp3.serieB.n100_280">
        </df>
        <df name="tests_tp3.serieT1.n10_150">
        </df>
        <df name="tests_tp3.serieT2.n10_150">
        </df>
        <df name="tests_tp3.serieU1.n10_150">
        </df>
      </df>
      <in>DebugSingleton.cpp</in>
      <in>DebugSingleton.h</in>
      <in>FactorySolucion.cpp</in>
      <in>FactorySolucion.h</in>
      <in>Grafo.cpp</in>
      <in>Grafo.h</in>
      <in>ParserDeParametros.cpp</in>
      <in>ParserDeParametros.h</in>
      <in>SelectorGreedy.cpp</in>
      <in>SelectorGreedy.h</in>
      <in>SelectorPorGrado.cpp</in>
      <in>SelectorPorGrado.h</in>
      <in>Solucion.cpp</in>
      <in>Solucion.h</in>
      <in>SolucionBT.cpp</in>
      <in>SolucionBT.h</in>
      <in>SolucionBusquedaLocal.cpp</in>
      <in>SolucionBusquedaLocal.h</in>
      <in>SolucionBusquedaTabu.cpp</in>
      <in>SolucionBusquedaTabu.h</in>
      <in>SolucionGreedy.cpp</in>
      <in>SolucionGreedy.h</in>
      <in>tp3.cpp</in>
      <in>tp3.h</in>
    </df>
  </logicalFolder>
  <projectmakefile>Makefile</projectmakefile>
  <confs>
    <conf name="Default" type="0">
      <toolsSet>
        <developmentServer>localhost</developmentServer>
        <platform>3</platform>
      </toolsSet>
      <compile>
        <compiledirpicklist>
          <compiledirpicklistitem>.</compiledirpicklistitem>
          <compiledirpicklistitem>${AUTO_FOLDER}</compiledirpicklistitem>
        </compiledirpicklist>
        <compiledir>${AUTO_FOLDER}</compiledir>
        <compilecommandpicklist>
          <compilecommandpicklistitem>${MAKE} ${ITEM_NAME}.o</compilecommandpicklistitem>
          <compilecommandpicklistitem>${AUTO_COMPILE}</compilecommandpicklistitem>
        </compilecommandpicklist>
        <compilecommand>${AUTO_COMPILE}</compilecommand>
      </compile>
      <dbx_gdbdebugger version="1">
        <gdb_pathmaps>
        </gdb_pathmaps>
        <gdb_interceptlist>
          <gdbinterceptoptions gdb_all="false" gdb_unhandled="true" gdb_unexpected="true"/>
        </gdb_interceptlist>
        <gdb_options>
          <DebugOptions>
          </DebugOptions>
        </gdb_options>
        <gdb_buildfirst gdb_buildfirst_overriden="false" gdb_buildfirst_old="false"/>
      </dbx_gdbdebugger>
      <nativedebugger version="1">
        <engine>gdb</engine>
      </nativedebugger>
      <runprofile version="9">
        <runcommandpicklist>
          <runcommandpicklistitem>"${OUTPUT_PATH}"</runcommandpicklistitem>
        </runcommandpicklist>
        <runcommand>"${OUTPUT_PATH}"</runcommand>
        <rundir>.</rundir>
        <buildfirst>false</buildfirst>
        <terminal-type>0</terminal-type>
        <remove-instrumentation>0</remove-instrumentation>
        <environment>
          <variable name="__clang__" value=""/>
        </environment>
      </runprofile>
    </conf>
  </confs>
</configurationDescriptor>
