<?xml version="1.0" encoding="UTF-8"?>
<configurationDescriptor version="91">
  <logicalFolder name="root" displayName="root" projectFiles="true" kind="ROOT">
    <df root="." name="0">
      <in>FactorySolucion.cpp</in>
      <in>Grafo.cpp</in>
      <in>ParserDeParametros.cpp</in>
      <in>SelectorGreedy.cpp</in>
      <in>SelectorPorGrado.cpp</in>
      <in>Solucion.cpp</in>
      <in>SolucionBT.cpp</in>
      <in>SolucionBusquedaLocal.cpp</in>
      <in>SolucionBusquedaTabu.cpp</in>
      <in>SolucionGreedy.cpp</in>
      <in>tp3.cpp</in>
    </df>
    <logicalFolder name="ExternalFiles"
                   displayName="Important Files"
                   projectFiles="false"
                   kind="IMPORTANT_FILES_FOLDER">
      <itemPath>Makefile</itemPath>
    </logicalFolder>
  </logicalFolder>
  <sourceFolderFilter>^(nbproject)$</sourceFolderFilter>
  <sourceRootList>
    <Elem>.</Elem>
  </sourceRootList>
  <projectmakefile>Makefile</projectmakefile>
  <confs>
    <conf name="Default" type="0">
      <toolsSet>
        <compilerSet>MinGW|MinGW</compilerSet>
        <dependencyChecking>false</dependencyChecking>
        <rebuildPropChanged>false</rebuildPropChanged>
      </toolsSet>
      <codeAssistance>
      </codeAssistance>
      <makefileType>
        <makeTool>
          <buildCommandWorkingDir>.</buildCommandWorkingDir>
          <buildCommand>${MAKE} -f Makefile</buildCommand>
          <cleanCommand>${MAKE} -f Makefile clean</cleanCommand>
          <executablePath></executablePath>
          <ccTool>
            <standard>8</standard>
          </ccTool>
        </makeTool>
      </makefileType>
      <item path="FactorySolucion.cpp" ex="false" tool="1" flavor2="4">
      </item>
      <item path="Grafo.cpp" ex="false" tool="1" flavor2="4">
      </item>
      <item path="ParserDeParametros.cpp" ex="false" tool="1" flavor2="4">
      </item>
      <item path="SelectorGreedy.cpp" ex="false" tool="1" flavor2="4">
      </item>
      <item path="SelectorPorGrado.cpp" ex="false" tool="1" flavor2="4">
      </item>
      <item path="Solucion.cpp" ex="false" tool="1" flavor2="4">
      </item>
      <item path="SolucionBT.cpp" ex="false" tool="1" flavor2="4">
      </item>
      <item path="SolucionBusquedaLocal.cpp" ex="false" tool="1" flavor2="4">
      </item>
      <item path="SolucionBusquedaTabu.cpp" ex="false" tool="1" flavor2="4">
      </item>
      <item path="SolucionGreedy.cpp" ex="false" tool="1" flavor2="4">
      </item>
      <item path="tp3.cpp" ex="false" tool="1" flavor2="4">
      </item>
    </conf>
  </confs>
</configurationDescriptor>
